ชื่อยา,ชื่อสามัญ,ความแรง,หน่วยนับ,ราคาทุน,ราคาจำหน่าย,Dosage Form,บัญชี,รหัส TMT สกส.,Pregnancy Cagetory
0.02-TriAMcinolone CREAM,TRIAMCINOLONE,0.02 %,หลอด (5 g.),7.00,9.00,CREAMS,ก,828560,
0.1-TRIAMCINOLONE CREAM,TRIAMCINOLONE,0.1 %,หลอด (5 g.),8.00,11.00,CREAMS,ก,518779,
0.5-HALOPERIDOL,HALOPERIDOL,0.5 mg.,เม็ด,0.30,1.00,TABLETS,ก,413772,C
0.5-LoraZEPAM,LORAZEPAM,0.5 mg.,เม็ด,0.22,1.00,TABLETS,ก,362131,D
1-ACYCLOVIR(ยานอกบัญชีฯ),ACICLOVIR,1 g.,ซอง,13.91,18.00,CREAMS,,486669,B
10-AMITRYPTYLINE,AMITRYPTYLINE,10 mg.,เม็ด,0.19,1.00,TABLETS,ก,464513,D
10-CLOTRIMAZOLE TROCHE,CLOTRIMAZOLE,10 mg.,เม็ด,0.70,2.00,TABLETS,ก,689825,C
10-DIAZEPAM,DIAZEPAM,5 mg./ml.,Amphule (2 ml.),3.40,5.00,INJECTIONS,ก,560472,
10-ISOSORBIDE DINITRATE,ISOSORBIDE,10 mg.,เม็ด,0.54,1.00,TABLETS,ก,825656,C
10-LoRaTaDINE,LORATADINE,10 mg.,เม็ด,0.70,2.00,TABLETS,ก,363899,B
10-MAGNESIUM SULFATE,MAGNESIUM,10 %,Amphule (10 ml.),6.80,9.00,INJECTIONS,ก,761220,D
10-PROPRANOLOL,PROPRANOLOL,10 mg.,เม็ด,0.23,1.00,TABLETS,ก,262445,C
10-SIMVASTATIN (ยาโครงการ),SIMVASTATIN,10 mg.,เม็ด,0.50,1.00,TABLETS,ก,117504,
100-CLOTRIMAZOLE VAGINAL SUPPO.,CLOTRIMAZOLE,100 mg.,เม็ด (VG.),1.08,2.00,TABLETS,ก,287501,B
100-PHENYTOIN (DILANTIN),PHENYTOIN,100 mg.,แค็บซูล,0.45,1.00,CAPSULES,ก,315673,D
100-PHENYTOIN (SR),PHENYTOIN,100 mg.,เม็ด,3.30,5.00,CAPSULES,ก,313274,
1000-AUGMENTIN,AMOXICILLIN CLAVULANIC ACID,1 g.,เม็ด,3.94,6.00,TABLETS,ค,327322,B
15-ALUM MILK(IPD)(UNIT DOSE),ALUMINIUM+MAGNESIUM+SIMETHICONE,mg.,ขวด (15 ml.),1.20,2.00,SUSPENSIONS,ก,699214,
15-CARMINATIVE [IPD](UNIT DOSE),CARMINATIVE,.,ขวด (15 ml.),0.83,2.00,SOLUTIONS,ก,666847,
150-CLINDAMYCIN,CLINDAMYCIN,150 mg.,เม็ด,1.70,3.00,CAPSULES,ข,377877,B
156-AUGMENTIN,AMOXICILLIN CLAVULANIC ACID,156.25 mg/5ml,ขวด,65.00,79.00,SUSPENSIONS,ค,586335,
180-CARMINATIVE,CARMINATIVE,180 ml.,ขวด,10.00,13.00,SOLUTIONS,ก,666847,B
2-DIAZEPAM,DIAZEPAM,2 mg.,เม็ด,0.10,1.00,TABLETS,ก,767143,D
20% MANNITOL,MANNITOL,20 g./100,ขวด (250 ml.),160.50,196.00,SOLUTIONS,ก,567731,
20%HUMAN ALBUMIN (ยานอกบัญชีฯ),HUMANALBUMIN,12.5 g.,Vial (50 ml.),"1,381.00","1,580.00",SOLUTIONS,,819191,
20-BERODUAL NB(ยากลับบ้าน),IPRATROPIUM+FENOTEROL,.,ขวด (20 ml.),92.00,111.00,SOLUTIONS,ก,529813,
20-EnAlaPriL,ENALAPRIL,20 mg.,เม็ด,0.41,1.00,TABLETS,ก,112032,D
200-IBUPROFEN,IBUPROFEN,200 mg.,เม็ด,0.17,1.00,TABLETS,ก,124854,B
240-ALUM MILK,ALUMINIUM+MAGNESIUM+SIMETHICONE,240 ml.,ขวด,14.00,18.00,SUSPENSIONS,ก,699159,
240-CO-TRIMOXAZOLE,TRIMETHOPRIM SULFAMETHOXAZOLE,(40+200) mg.,ขวด (60 ml.),9.00,12.00,SUSPENSIONS,ก,637866,
25-AMITRYPTYLINE,AMITRYPTYLINE,25 mg.,เม็ด,0.37,1.00,TABLETS,ก,736965,D
25-CARVEDILOL,CARVEDILOL,25 mg.,เม็ด,3.20,5.00,TABLETS,ค,272337,
250-ขมิ้นชัน(CURMIN),ขมิ้นชัน,250 mg.,แค็บซูล,1.12,2.00,CAPSULES,-,9096628,
30-ALCOHOL(ขวดเล็ก),ETHYLALCOHOL,70 %,ขวด (30 ml.),3.87,5.00,SOLUTIONS,ก,800122,
30-PHENOBARBITAL,PHENOBARBITAL,30 mg.,เม็ด,0.10,1.00,TABLETS,ก,742490,D
30-TAMIFLU,OSELTAMIVIR,30 mg.,แค็บซูล,12.00,16.00,CAPSULES,จ1,452376,
300-GeMFIBROZIL,GEMFIBROZIL,300 mg.,แค็บซูล,0.67,2.00,CAPSULES,ก,116743,C
300-RIFAMPICIN,RIFAMPICIN,300 mg.,เม็ด,3.50,5.00,CAPSULES,ก,429093,C
325-ASPIRIN,ASPIRIN,325 mg.,เม็ด,0.71,2.00,TABLETS,ก,251961,D
325-PARACETAMOL,PARACETAMOL,325 mg.,เม็ด,0.14,1.00,TABLETS,ก,403190,
4-CHLORPHENIRAMINE (CPM),CHLORPHENIRAMINE,4 mg.,เม็ด,0.06,1.00,TABLETS,ก,689744,C
40-PROPRANOLOL,PROPRANOLOL,40 mg.,เม็ด,0.36,1.00,TABLETS,ก,689238,C
400-ACYCLOVIR,ACICLOVIR,400 mg.,เม็ด,2.56,4.00,TABLETS,ก,482326,B
400-ETHAMBUTOL,ETHAMBUTOL,400 mg.,เม็ด,1.38,2.00,TABLETS,ก,737096,B
45-TAMIFLU,OSELTAMIVIR,45 mg.,แค็บซูล,15.00,19.00,CAPSULES,จ1,452395,
450-ALCOHOL(ขวดใหญ่),ETHYLALCOHOL,70 %,ขวด (450 ml.),27.82,35.00,SOLUTIONS,ก,800133,
450-RIFAMPICIN,RIFAMPICIN,450 mg.,เม็ด,6.00,8.00,CAPSULES,ก,737217,C
480-CO-TRIMOXAZOLE,TRIMETHOPRIM SULFAMETHOXAZOLE,(80+400) mg.,เม็ด,0.49,1.00,TABLETS,ก,339255,C
5-ACYCLOVIR(ยานอกบัญชีฯ),ACICLOVIR,5 g.,หลอด (5 g.),14.00,18.00,CREAM,,485815,
5-CLOTRIMAZOLE CREAM,CLOTRIMAZOLE,.,หลอด (5 g.),6.00,8.00,CREAMS,ก,496266,B
5-DIAZEPAM,DIAZEPAM,5 mg.,เม็ด,0.12,1.00,TABLETS,ก,767162,D
5-ENALAPRIL,ENALAPRIL,5 mg.,เม็ด,0.19,1.00,TABLETS,ก,111471,D
5-HALOPERIDOL,HALOPERIDOL,5 mg.,เม็ด,0.86,2.00,TABLETS,ก,343048,C
5-ISOSORBIDE DINITRATE,ISOSORBIDE,5 mg.,เม็ด,0.80,2.00,TABLETS,ก,343259,C
50-LOSARTAN,LOSARTAN,50 mg.,เม็ด,0.71,2.00,TABLETS,ข,1002011,
50-MAGNESIUM SULPHATE,MAGNESIUM,50 %,Amphule (2 ml.),6.42,9.00,INJECTIONS,ก,761277,
50-PHENYTOIN (DILANTIN),PHENYTOIN,50 mg.,เม็ด,2.59,3.00,TABLETS,ก,313344,D
500-ETHAMBUTOL,ETHAMBUTOL,500 mg.,เม็ด,2.60,4.00,TABLETS,ก,322918,
500-PARACETAMOL,PARACETAMOL,500 mg.,เม็ด,0.14,1.00,TABLETS,ก,384972,
6.25-CARVEDILOL,CARVEDILOL,6.25 mg.,เม็ด,1.72,3.00,TABLETS,ค,1235012,
60-PHENOBARBITAL,PHENOBARBITAL,60 mg.,เม็ด,0.13,1.00,TABLETS,ก,742517,D
600-CLINDAMYCIN,CLINDAMYCIN,600 mg./4ml.,VIAL,18.40,23.00,INJECTIONS,ข,553826,B
600-GEMFIBROZIL(ยาโครงการ),GEMFIBROZIL,600 mg.,แค็บซูล,0.82,2.00,CAPSULES,ก,115774,C
625-AUGMENTIN,AMOXICILLIN CLAVULANIC ACID,625 mg.,เม็ด,8.56,11.00,TABLETS,ค,286406,B
75-DicloFENAC,DICLOFENAC,75 mg./3ml.,Amphule,3.20,5.00,INJECTIONS,ก,120291,
75-TAMIFLU,OSELTAMIVIR,75 mg.,แค็บซูล,25.00,31.00,CAPSULES,จ1,339422,
81-ASPIRIN,ASPIRIN,81 mg.,เม็ด,0.21,1.00,TABLETS,ก,251581,D
ABACAVIR (ยาโครงการ),ABACAVIR,300 mg.,เม็ด,10.84,14.00,TABLETS,ค,1043484,
ACETATED RINGER (ARI),CALCIUM+POTASSIUM+SODIUM,.,"ขวด (1,000 ml.)",31.00,38.00,INJECTIONS,ก,801630,
ACETYLCYSTEINE,ACETYLCYSTEINE,300 mg./3ml.,Amphule (3 ml.),20.00,25.00,INJECTIONS,ก,536330,
ACTIVATED CHARCOAL,ACTIVATEDCHARCOAL,.,ซอง (5 g.),13.91,18.00,POWDERS,ก,763486,
ADENOSINE (ADENOCOR),ADENOSINE,3 mg./ml.,Vial,438.34,515.00,INJECTIONS,ก,536934,C
ADRENALINE,ADRENALINE,1 mg./ml.,Amphule (1 ml.),3.21,5.00,INJECTIONS,ก,537227,D
ALBENDAZOLE,ALBENDAZOLE,200 mg.,เม็ด,2.50,4.00,TABLETS,ก,232811,C
ALLOPURINAL,ALLOPURINAL,100 mg.,เม็ด,0.38,1.00,TABLETS,ก,235378,C
ALUMAG,ALUMINIUM+MAGNESIUM,.,เม็ด,0.24,1.00,TABLETS,ก,763897,
AMIKACIN Inj.,AMIKACIN SULFATE,500 mg.,Vial,48.50,59.00,,ก,537994,
AMIKACIN INJECTION,AMIKACIN SULFATE,250 mg.,ขวด (2 ml.),18.00,23.00,INJECTIONS,ก,537412,
AMINOPHYLLINE,AMINOPHYLLINE,25 mg./ml.,AMPHULE,5.44,7.00,INJECTIONS,ก,664348,C
AMIODARONE (CORDARONE),AMIODARONE,50 mg./ml.,AMPHULE,102.90,130.00,INJECTIONS,ค,664526,D
AmLoDIPINE,AMLODIPINE,5 mg.,เม็ด,0.75,2.00,TABLETS,ก,108504,D
AMMON CARBONATE SYRUP,AMMONIUM+CARBONATE,2.375 mg/5ml,ขวด (60 ml.),7.00,9.00,SYRUPS,ก,811036,C
AMOXICILLIN,AMOXICILLIN,250 mg.,แค็บซูล,0.85,2.00,CAPSULES,ก,467558,B
AMOXICILLIN,AMOXICILLIN,500 mg.,แค็บซูล,1.28,2.00,CAPSULES,ก,742125,B
AMOXICILLIN SYRUP250,AMOXICILLIN,250 mg.,ขวด (60 ml.),18.00,23.00,SYRUPS,ก,586915,
AMPICILLIN,AMPICILLIN,1 g.,VIAL,10.00,13.00,INJECTIONS,ก,539786,B
AMPICILLIN,AMPICILLIN,250 mg.,VIAL,7.00,9.00,INJECTIONS,ก,540227,B
AMPICILLIN,AMPICILLIN,500 mg.,VIAL,8.00,11.00,INJECTIONS,ก,540243,B
ANTIPAIN,METHYLSALICYLATE+MENTHOL,25 g.,หลอด,15.00,19.00,CREAMS,ก,940555,
aPV.VACCINE 0.5 ML/DOSE(ไอกรน),Recombinant acellular Pertussis vaccine,0.5 ml.,dose,350.00,414.00,INJECTIONS,ก,1025962,
ARTANE(TRIHEXYPHENIDYL),TRIHEXYPHENIDYL,2 mg.,เม็ด,0.19,1.00,TABLETS,ก,791973,C
ARTESUNATE,ARTESUNATE,50 mg.,เม็ด,13.75,18.00,TABLETS,ค,249839,
ARTESUNATE,ARTESUNATE,60 mg.,VIAL,126.00,156.00,INJECTIONS,ค,540918,
ATENOLOL,ATENOLOL,50 mg.,เม็ด,0.16,1.00,TABLETS,ก,417203,D
ATORVASTATIN,ATORVASTATIN,40 mg.,เม็ด,4.00,6.00,TABLETS,ง,693947,X
ATROPINE,ATROPINE,0.6 mg./ml.,AMPHULE,2.25,3.00,INJECTIONS,ก,766735,C
AUGMENTIN INJECTION,AMOXICILLIN CLAVULANIC ACID,1.2 g.,Vial,64.20,78.00,INJECTIONS,ค,539218,
AVAMYS,FLUTICASONE,27.5 mcg./dose,ขวด,240.75,288.00,SUSPENSIONS,ง,692534,
AZITHROMYCIN DIHYDRATE,AZITHROMYCIN,250 MG.,CAPSULE,6.72,9.00,CAPSULES,ง,327426,
AZITHROMYCIN DRY SYRUP,AZITHROMYCIN,200 MG./5 ML.,BOTTLE.,72.00,88.00,POWDERS,ง,1038305,
BACLOFEN,BACLOFEN,10 mg.,เม็ด,0.70,2.00,TABLETS,ข,383898,
BCG VACCINE,BACILLUS+CALMETTE+GUERIN,.,VIAL,13.60,18.00,INJECTIONS,ก,668707,
BECLOMETASONE(ยานอกบัญชีฯ),BECLOMETASONE,250 mcg./dose,หลอด,321.00,380.00,SOLUTIONS,,719758,
BENZATHINE BENZYL PENICILLIN,BENZATHINEBENZYLPENICILLIN,1.2 mu,VIAL,37.00,46.00,INJECTIONS,ก,661235,B
BENZYL BENZOATE LOTION(Scabicide),BENZYLBENZOATE,25 %,ขวด (60 ml.),21.40,27.00,SUSPENSIONS,ก,782770,
BERODUAL MDI,IPRATROPIUM+FENOTEROL,.,หลอด,156.22,191.00,SOLUTIONS,ก,1016947,
BERODUAL NB (พ่นที่รพ.),IPRATROPIUM+FENOTEROL,.,DOSE,30.70,38.00,SOLUTIONS,ก,529813,
BETAHISTINE,BETAHISTINE,6 mg.,เม็ด,2.60,1.00,TABLETS,ข,373832,B
BISACODYL,BISACODYL,5 mg.,เม็ด,0.12,1.00,TABLETS,ก,264414,C
BROWN MIXTURE,OPIUM+GLYCYRRHIZA,.,ขวด (60 ml.),8.00,11.00,SYRUPS,ก,532586,C
BUDESONIDE INHALER,BUDESONIDE INHALER,200 mcg./dose,ขวด MDI (200 dose),85.60,104.00,POWDERS,ก,664459,
BUDESONIDE NB.(PULMICORT Respule),BUDESONIDE,1 mg./2 ml.,Respule,42.75,53.00,SOLUTIONS,ก,527086,
CAFERGOT,ERGOTAMINE+CAFEINE,.,เม็ด,1.60,3.00,TABLETS,ค,270705,X
CALAMINE LOTION,CALAMINE+ZINCOXIDE,.,ขวด (60 ml.),5.00,7.00,SUSPENSIONS,ก,491292,
CALCIUM (CaCO3),CALCIUM,1250 mg.,เม็ด,0.33,1.00,TABLETS,ก,740083,C
CALCIUM GLUCONATE,CALCIUM,0.45 mEq./ml.,AMPHULE (10 ml.),6.42,9.00,INJECTIONS,ก,767041,C
CapToPRIL,CAPTOPRIL,25 mg.,เม็ด,1.50,3.00,TABLETS,ก,111348,D
CARBAMAZEPINE,CARBAMAZEPINE,200 mg.,เม็ด,2.48,4.00,TABLETS,ก,273712,D
CEFAZOLIN,CEFAZOLIN,1 g.,Vial,17.00,22.00,INJECTIONS,ก,543096,
CeFOtaxime,CEFOTAXIME,1 g.,VIAL,13.70,18.00,INJECTIONS,ค,545853,B
CEFtaZiDime,CEFTAZIDIME,1 g.,VIAL,27.82,35.00,INJECTIONS,ค,547549,B
CefTRIaXONE,CEFTRIAXONE,1 g.,VIAL,16.00,20.00,INJECTIONS,ค,548983,B
CELECOXIB,CELECOXIB,200 MG.,CAPSULES.,4.82,7.00,CAPSULES,-,117799,
CEPHALEXIN,CEPHALEXIN,500 mg.,เม็ด,2.00,3.00,CAPSULES,ก,460029,
CETIRIZINE,CETIRIZINE,10 mg.,เม็ด,0.32,1.00,TABLETS,ก,367559,B
CETIRIZINE SYRUP (ZYRTEC ),CETIRIZINE,1 mg./ml.,ขวด,10.00,13.00,SYRUPS,ก,601467,B
CHAMPIX 0.5+1  MG.(VARENICLINE TARTRATE),VARENICLINE TARTRATE,0.5 mg.+1 mg.,กล่อง,0.00,0.00,TABLETS,-,770504,
CHAMPIX 1 MG.(VARENICLINE TARTRATE),VARENICLINE TARTRATE,1 MG.,กล่อง,0.00,0.00,TABLETS,-,770536,
ChloRAMpheniCAL EYE DROP,CHLORAMPHENICAL,.,ขวด (5 ml.),9.50,12.00,SOLUTIONS,ก,839061,C
CHLOROQUINE,CHLOROQUINE,250 mg.,เม็ด,0.44,1.00,TABLETS,ก,736983,C
CHLORPHENIRAMINE (CPM syr.),CHLORPHENIRAMINE,2 mg/5ml,ขวด (60 ml.),5.00,7.00,SYRUPS,ก,783714,C
CHLORPHENIRAMINE(cpm inj.),CHLORPHENIRAMINE,10 mg./ml.,AMPHULE (1 ml.),2.24,3.00,INJECTIONS,ก,783664,C
CHLORPROMAZINE,CHLORPROMAZINE,50 mg.,เม็ด,0.37,1.00,TABLETS,ก,368406,C
CiPROfloxACIN,CIPROFLOXACIN,250 mg.,เม็ด,0.70,2.00,TABLETS,ง,282243,C
CIPROFLOXACIN INJECTION,CIPROFLOXACIN,200 mg.,Vial (100 ml.),25.00,31.00,INJECTIONS,ง,553447,
CLARITHROMYCIN,CLARITHROMYCIN,250 mg.,เม็ด,6.50,9.00,TABLETS,ง,285927,
CLOPIDOGREL(Plavix),CLOPIDOGREL,75 mg.,เม็ด,2.04,3.00,TABLETS,ง,1140422,B
CLORAZEPATE(TRANXENE),CLORAZEPATE,5 mg.,แค็บซูล,0.70,2.00,TABLETS,ข,533177,D
CLOXACILLIN,CLOXACILLIN,1 g.,VIAL,12.00,16.00,INJECTIONS,ก,554440,B
CO-TRIMOXAZOLE INJECTION,SULFAMETHOXAZOLE,400+80,AMPULE,27.24,34.00,INJECTIONS,ก,554953,
COLCHICINE,COLCHICINE,0.6 mg.,เม็ด,0.32,1.00,TABLETS,ก,460086,D
COVID-19 VACCINE (ASTRAZENECA),COVID-19 VACCINE (ASTRAZENECA),0.5 ml.,dose,155.97,0.00,INJECTIONS,ก,,
COVID-19 VACCINE (COVOVAX),COVID-19 VACCINE (COVOVAX),0.5 ml.,dose,"1,500.00",0.00,INJECTIONS,ก,,
COVID-19 VACCINE (MODERNA),COVID-19 VACCINE (MODERNA),0.5 ml.,dose,"1,115.00",0.00,INJECTIONS,ก,,
COVID-19 VACCINE (PFIZER) ฝาแดง,COVID-19 VACCINE (PFIZER),0.2 ml.,dose,0.00,0.00,INJECTIONS,ก,,
COVID-19 VACCINE (PFIZER) ฝาเทา,COVID-19 VACCINE (PFIZER),0.3 ml.,dose,0.00,0.00,INJECTIONS,ก,,
COVID-19 VACCINE (PFIZER) ฝาม่วง,COVID-19 VACCINE (Pfizer),0.3 ml.,dose,608.00,0.00,INJECTIONS,ก,,
COVID-19 VACCINE (PFIZER) ฝาส้ม,COVID-19 VACCINE (PFIZER),0.2 ml.,dose,498.73,0.00,INJECTIONS,ก,,
COVID-19 VACCINE (SINOPHARM),COVID-19 VACCINE (SINOPHARM),0.5 ml.,dose,888.00,0.00,,ก,,
COVID-19 VACCINE (SINOPHARM)-สมาคม,COVID-19 VACCINE (SINOPHARM),0.5 ml.,dose,699.00,0.00,,ก,,
COVID-19 VACCINE (SINOVAC),COVID-19 VACCINE (SINOVAC),0.5 ml.,dose,689.00,0.00,INJECTIONS,ก,,
D-10-N/2,DEXTROSE+SODIUMCHLORIDE,.,"ขวด (1,000 ml.)",33.00,42.00,SOLUTIONS,ข,528735,
D-5-S,DEXTROSE+SODIUMCHLORIDE,.,"ขวด (1,000 ml.)",32.00,40.00,SOLUTIONS,ก,560214,
D-5-S/2,DEXTROSE+SODIUMCHLORIDE,.,"ขวด (1,000 ml.)",32.00,40.00,SOLUTIONS,ก,559894,
D-5-S/3,DEXTROSE+SODIUMCHLORIDE,.,ขวด (500 ml.),27.00,34.00,SOLUTIONS,ก,559632,
D-5-S/5,DEXTROSE+SODIUMCHLORIDE,.,ขวด (500 ml.),27.00,34.00,SOLUTIONS,ก,559238,
D-5-W,DEXTROSE,.,"ขวด (1,000 ml.)",32.00,40.00,SOLUTIONS,ก,528624,
D-5-W,DEXTROSE,.,ขวด (100 ml.),16.00,20.00,SOLUTIONS,ก,557756,
D-5-W,DEXTROSE,.,ขวด (500 ml.),27.00,34.00,SOLUTIONS,ก,557725,
DAFLON(ยานอกบัญชีฯ),MICRONIZEDPURIFIEDFLAVONOIDFRACTION,500 mg.,เม็ด,9.45,12.00,TABLETS,,644394,
DEPAKINE ORAL SOLUTION,DEPAKINE SODIUM VALPROATE,200 mg./ml.,ขวด (60 ml.),134.82,166.00,SOLUTIONS,ก,742276,
DEPO-A(ยาฉีดคุมกำเนิด),MEDROXYPROGESTERONEACETATE,150 mg.,DOSE,9.00,12.00,INJECTIONS,ก,147040,
DEXAMETHASONE,DEXAMETHASONE,4 mg./ml.,Amphule (1 ml.),4.82,7.00,INJECTIONS,ก,556491,
DEXTRAN 40,DEXTRAN+SODIUMCHLORIDE,10 g/100,ขวด (500 ml.),425.00,500.00,SOLUTIONS,ก,761064,
DEXTROMETHORPHAN,DEXTROMETHORPHAN,15 mg.,เม็ด,0.24,1.00,TABLETS,ก,307685,C
DicloFENAC,DICLOFENAC,25 mg.,เม็ด,0.09,1.00,TABLETS,ก,118507,B
DIcloXAcillin,DICLOXACILLIN,250 mg.,แค็บซูล,1.08,2.00,CAPSULES,ก,312092,
DicloXacillin Syrup,DICLOXACILLIN,62.5 mg/5ml,ขวด (60 ml.),22.00,28.00,SYRUPS,ก,611334,
DIgOxIN,DIGOXIN,0.25 mg.,เม็ด,0.34,1.00,TABLETS,ก,460249,C
DIgOxIN,DIGOXIN,0.25 mg./ml.,Amphule (2 ml.),35.10,43.00,INJECTIONS,ก,560694,
DIMENHYDRINATE,DIMENHYDRINATE,50 mg.,เม็ด,0.17,1.00,TABLETS,ก,314210,B
DIMENHYDRINATE,DIMENHYDRINATE,50 mg./ml.,Amphule (1 ml.),2.90,4.00,INJECTIONS,ก,560813,
DOLUTEGRAVIR (DTG),DOLUTEGRAVIR,50 mg.,เม็ด,10.00,13.00,TABLETS,ก,1002373,
DOMPERIDONE,DOMPERIDONE,10 mg.,เม็ด,0.22,1.00,TABLETS,ก,770602,C
DOMPERIDONE,DOMPERIDONE,5 mg/5ml,ขวด (30 ml.),6.50,9.00,SYRUPS,ก,615407,
DOPAMINE,DOPAMINE,25 mg./ml.,Amphule (10 ml.),18.08,23.00,INJECTIONS,ก,785937,C
DoxaZOSIN,DOXAZOSIN,2 mg.,เม็ด,1.96,3.00,TABLETS,ค,407314,B
DoXYCYCLINE,DOXYCYCLINE,100 mg.,แค็บซูล,0.59,2.00,CAPSULES,ก,318296,D
dT Vaccine,DIPTHERIA+TETANUS,.,DOSE,6.84,9.00,INJECTIONS,ก,668500,
DTP Vaccine,DIPTHERIA+TETANUS+PERTUSSIS,.,DOSE,12.40,16.00,INJECTIONS,ก,741649,
DTPHB1 Vaccine,DIPTHERIA+TETANUS+PERTUSSISHEPATITISB,0.5 ml.,dose,43.00,53.00,INJECTIONS,ก,672997,
DTPHBHib VACCINE(SHAN5),diphtheriatoxoid+haemophilusinfluenzaetypebvaccine+hepatitisBvirusvaccine+pertussis+tetanustoxoid,30 iu/0.5,Vial (5 ml.),274.80,327.00,INJECTIONS,ก,1105974,
Efavirenz (EFV ) (ยาโครงการ),EFAVIRENZ,600 mg.,เม็ด,6.66,9.00,TABLETS,ก,695701,C
ENOXARARIN,Enoxaparin sodium,6000 iu./0.6,Vial,224.70,269.00,INJECTIONS,ค,107134,
ERIG,EQUINEANTIRABIESIMMUNEGLOBULIN,200 iu./ml.,Vial (5 ml.),560.00,655.00,INJECTIONS,ก,762684,
ERTAPENAM,ERTAPENEM,1 g.,Vial,"1,498.00","1,709.00",INJECTIONS,ง,561456,
ERYTHROMYCIN,ERYTHROMYCIN,125 mg/5ml,ขวด (60 ml.),11.75,15.00,SYRUPS,ก,784446,
FAVIPIRAVIR,FAVIPIRAVIR,200 mg.,เม็ด,11.77,15.00,TABLETS,ก,1231309,
FENDEC,FLUPHENAZINE,25 mg.,Amphule,29.00,36.00,INJECTIONS,ก,806882,
FERROUS FUMARATE,FERROUS,200 mg.,เม็ด,0.12,1.00,TABLETS,ก,814122,
FERROUS FUMARATE(IRON ELEMENT),FERROUSFUMARATE,25 mg/5ml,ขวด,23.00,29.00,SOLUTIONS,ข,974692,
FILGRASTIM 48 Mcg,FILGRASTIM 48 Mcg,48 mcg.,Vial,780.00,908.00,INJECTIONS,ง,145406,
FLUCONAZOLE,FLUCONAZOLE,200 mg.,แค็บซูล,0.66,2.00,CAPSULES,ก,329812,C
FLUMUCIL(ยานอกบัญชีฯ)(NAC),ACETYLCYSTEINE,200 mg.,ซอง (5 g.),1.03,2.00,POWDERS,-,,
FLUOXETINE,FLUOXETINE,20 mg.,แค็บซูล,0.80,2.00,CAPSULES,ก,328756,
FMP(แบบแผง)(ETHINYLESTRADIOL+NORGESTREL),ETHINYLESTRADIOL+NORGESTREL,.,แผง,8.00,11.00,TABLETS,ก,681052,
FMP(แบบเม็ด)(ETHINYLESTRADIOL+NORGESTREL),ETHINYLESTRADIOL+NORGESTREL,.,เม็ด,0.29,1.00,TABLETS,ก,786328,
FOLIC  ACID,FOLIC,5 mg.,เม็ด,0.09,1.00,TABLETS,ก,814082,
FORMALDEHYDE,FORMALDEHYDE,38 %,ขวด (450 ml.),32.10,40.00,SOLUTIONS,ก,785218,
FUROSEMIDE,FUROSEMIDE,40 mg.,เม็ด,0.26,1.00,TABLETS,ก,332711,C
FUROSEMIDE,FUROSEMIDE,500 mg.,เม็ด,8.00,11.00,TABLETS,ก,332690,
FUROSEMIDE 20 mg / 2mL,FUROSEMIDE,10 mg./ml.,Amphule (2 ml.),4.82,7.00,INJECTIONS,ก,562227,C
GaBaPENTIN,GABAPENTIN,300 mg.,แค็บซูล,3.00,4.00,CAPSULES,ง,477458,
GENTAMICIN SULFATE,GENTAMICIN,40 mg./ml.,Amphule (2 ml.),5.35,7.00,INJECTIONS,ก,563055,C
GliPIzide,GLIPIZIDE,5 mg.,เม็ด,0.19,1.00,TABLETS,ก,336869,C
GLUCOSE,GLUCOSE,50 %,Vial (50 ml.),21.40,27.00,INJECTIONS,ก,557469,
GLYCERYL GUAIACOLATE,GLYCERYL,100 mg.,เม็ด,0.15,1.00,TABLETS,ก,715732,C
GLYCERYL GUAIACOLATE,GLYCERYL,100 mg/5ml,ขวด (60 ml.),9.00,12.00,SYRUPS,ก,813745,
GPOvir Z250 (ยาโครงการ),NERVIRAPINE+LAMIVUDINE+ZIDOVUDINE,250 mg.,เม็ด,8.60,11.00,TABLETS,ก,658013,
HALOPERIDOL,HALOPERIDOL,5 mg./ml.,Amphule (1 ml.),9.60,13.00,INJECTIONS,ก,785577,
HCTZ,HYDROCHLORLOTHIAZIDE,50 mg.,เม็ด,0.25,1.00,TABLETS,ก,1017023,D
HEAMACCEL(ยานอกบัญชีฯ),POLYGELINE,3.5 %,ขวด (500 ml.),278.20,331.00,SOLUTIONS,,776651,
HEPATITIS B VACCINE,HEPATITISB,.,DOSE,38.39,47.00,INJECTIONS,ก,673014,
HIBISCRUB,CHLORHEXIDINE,4 %,ขวด (30 ml.),7.92,10.00,SOLUTIONS,ก,797843,
HISTA-OPH,ANTAZOLIN+TETRAHYDROZOLIN,.,ขวด (10 ml.),10.16,13.00,SOLUTIONS,ก,530728,
HPV VACCINE,HPVVACCINE,0.5 ml.,Vial,279.54,332.00,INJECTIONS,จ1,735379,
HPV. VACCINE  (9 สายพันธุ์),HPV. VACCINE,0.5 ml.,Vial,736.34,858.00,INJECTIONS,จ1,1170417,
HUMAN HEPTITIS B(HBIG),HUMAN HEPTITIS B IMMONOGLOBULIN,180 iu./ml.,Vial,"2,700.00","3,031.00",INJECTIONS,ค,741339,
HUMAN TETANUS IMMUNOGLOBULIN,HUMAN+TETANUS+IMMUNOGLOBULIN,250 iu.,Amp,400.00,505.00,INJECTIONS,ข,797929,
HyDRALAZINE,HYDRALAZINE,25 mg.,เม็ด,1.36,2.00,TABLETS,ก,1238718,
HyDRALAZINE INJECTION.,HyDRALAZINE,20 mg.,Amphule,241.82,289.00,POWDERS,ก,782105,
HYDROCORTISONE,HYDROCORTISONE,100 mg.,Vial,48.00,59.00,INJECTIONS,ก,520544,
HYDROGEN PEROXIDE,HYDROGENPEROXIDE,6 %,ขวด (450 ml.),25.78,32.00,SOLUTIONS,ก,770924,
HYDROXYZINE SYRUP,HYDROXYZINE,10 mg/5ml,ขวด,9.60,13.00,SYRUPS,ก,616454,
HYDROXYZINE(ATARAX),HYDROXYZINE,10 mg.,เม็ด,0.08,1.00,TABLETS,ก,726961,C
HYOSCINE,HYOSCINE,10 mg.,เม็ด,0.83,2.00,TABLETS,ก,797993,C
HYOSCINE,HYOSCINE,20 mg./ml.,Amphule (1 ml.),4.50,6.00,INJECTIONS,ก,767686,C
IBUPROFEN,IBUPROFEN,100 mg/5ml,ขวด (60 ml.),10.00,13.00,SYRUPS,ก,126269,
IBUPROFEN,IBUPROFEN,400 mg.,เม็ด,0.24,1.00,TABLETS,ก,123645,B
IMIPENEM+CILASTATIN,IMIPENEM+CILASTATIN,500+500 mg.,Vial,165.85,202.00,INJECTIONS,ง,992508,
IMPLANON NXT,ESTONOGESTREL,68 MG.,ชุด,"1,797.60","2,038.00",INJECTIONS,ก,750078,
INACTIVETED POLIO VACCINE (IPV),INACTIVETEDPOLIOVACCINE,0.5 ml.,dose,96.77,117.00,INJECTIONS,ก,668920,
INFLUENZA (บุคลากร),INFLUENZA,-,dose,172.68,210.00,INJECTIONS,ก,1262689,
INFLUENZA (ประชาชน),INFLUENZA,.,DOSE,102.34,129.00,INJECTIONS,ก,1261122,
INSULIN MIXTARD (70/30)(COSMA),HUMANINSULINISOPHANESUSHUMANINSULIN,300 iu./3ml.,Vial,78.00,95.00,INJECTIONS,ก,663175,
INSULIN MIXTARD (UNIT DOSE),HUMANINSULINISOPHANESUSHUMANINSULIN,100 iu./ml.,unit,0.31,1.00,INJECTIONS,ก,658287,
INSULIN NPH,HUMANINSULINISOPHANE,300 iu./3ml.,Vial,128.40,159.00,INJECTIONS,ก,658327,
INSULIN NPH (UNIT DOSE),HUMANINSULINISOPHANE,100 iu./ml.,unit,0.43,1.00,INJECTIONS,ก,658327,
INSULIN RI,REGULARINSULIN,"1,000 units/10ml.",ขวด (10 ml.),310.30,368.00,INJECTIONS,ก,658362,
INSULIN RI (UNIT DOSE),REGULARINSULIN,100 iu./ml.,unit,0.31,1.00,INJECTIONS,ก,658362,
ISONIAZID,ISONIAZID,100 mg.,เม็ด,0.13,1.00,TABLETS,ก,737152,C
Isoniazid (ยาสนับสนุน),ISONIAZID,300 mg.,เม็ด,0.00,2.00,TABLETS,ก,350393,
ISONIAZID/RIFAPENTINE(ยาสนับสนุน),ISONIAZID+RIFAPENTINE,300+300 mg.,เม็ด,0.00,0.00,TABLETS,ข,,
ITRACONAZOLE,ITRACONAZOLE,100 mg.,แค็บซูล,7.33,10.00,CAPSULES,ค,445592,
JADELLE (ยาฝังคุมกำเนิด),LEVONORGESTREL,75 mg.,หลอด,"2,011.16","2,500.00",INJECTIONS,ก,681624,
JE VACCINE,JAPANESEENCEPHALITIS,1 ml.,DOSE,257.00,307.00,INJECTIONS,ก,762927,
KALIMATE,CALCIUMPOLYSTYLENESULFONATE,5 g.,ซอง (5 g.),17.00,22.00,POWDERS,ก,673196,
KCL.POTASSIUM ELIXER 30 ml.(UNIT DOSE),POTASSIUM,10 %,ขวด (30 ml.),1.38,2.00,SOLUTIONS,ก,770969,
KCL.POTASSIUM ELIXER 5 ml(UNIT DOSE),POTASSIUM,5 ml.,ขวด,0.23,1.00,SOLUTIONS,ก,770969,
KETOCONAZOLE,KETOCONAZOLE,200 mg.,เม็ด,2.03,3.00,TABLETS,ก,354395,C
KOCITAF (DTG50+FTC200+TAF25),DOLUTEGRAVIR+EMTRICITABINE+TENOFOVIR,50+200+25 mg.,เม็ด,19.97,25.00,,ค,1194003,
LAC-OPH EYE DROPS,Hydroxypropylmethylcellulose+Benzalkoniumchloride,0.5+0.015 %,ขวด (10 ml.),27.00,34.00,SOLUTIONS,ก,700209,
LACTULOSE,LACTULOSE,66.7 g.,ขวด (100 ml.),56.00,68.00,SYRUPS,ข,618198,
LACTULOSE(UNIT DOSE),LACTULOSE,30 ml.,dose,16.60,22.00,SYRUPS,ข,618198,
LAMIVUDINE  (3TC),LAMIVUDINE,150 mg.,เม็ด,5.67,7.50,TABLETS,ก,658861,C
LAMIVUDINE (3TC) (ยาโครงการ),LAMIVUDINE,10 mg./ml.,ขวด (60 ml.),60.00,73.00,SYRUPS,ก,658842,
LAMIVUDINE (3TC) (ยาโครงการ),LAMIVUDINE,150 mg.,เม็ด,3.67,5.00,TABLETS,ก,658861,C
LASTAVIR  (ยาโครงการ),LAMIVUDINE+STAVUDINE,150+30 mg.,แค็บซูล,5.78,8.00,CAPSULES,จ1,659017,
LIDOCAINE WITH ADRENALINE 1 ml,LIDOCAINE+ADRENALINE,2 %,dose,1.50,2.00,INJECTIONS,ก,566452,
LIDOCAINE WITHOUT ADRENALINE 1ml,LIDOCAINE,2 %,dose,0.60,2.00,INJECTIONS,ก,565792,
LINCOMYCIN,LINCOMYCIN,300 mg./ml.,Amphule (2 ml.),8.24,11.00,INJECTIONS,ข,566888,
LOPINAVIR+RITONAVIR (ยาโครงการ),LOPINAVIR+RITONAVIR,200+50 mg.,เม็ด,12.34,16.00,TABLETS,ค,1142689,
MEASLES AND RUBELLA VACCINE(MR),MEASLES AND RUBELLA VACCINE,0.5 ml.,Vial (5 ml.),59.50,73.00,INJECTIONS,ก,567984,
MEBENDAZOLE,MEBENDAZOLE,100 mg/5ml,ขวด (30 ml.),9.00,12.00,SUSPENSIONS,ก,619912,C
MEFENAMIC (ยานอกบัญชีฯ),MEFENAMIC,250 mg.,แค็บซูล,0.61,2.00,CAPSULES,,130526,C
MEFLOQUINE,MEFLOQUINE,250 mg.,เม็ด,20.28,26.00,TABLETS,ค,659443,
MEROPENEM,MEROPENEM,1 g.,Vial,160.00,195.00,INJECTIONS,ง,568448,
METFORMIN,METFORMIN,500 mg.,เม็ด,0.40,1.00,TABLETS,ก,374764,B
METHIMAZOLE,THIAMAZOLE,5 mg.,เม็ด,0.70,2.00,TABLETS,ก,459215,D
METHYL ERGOMETRINE (METHERGIN),METHYLERGOMETRINE,.,AMP.,7.00,9.00,INJECTIONS,ก,761347,X
METHYLDOPA,METHYLDOPA,125 mg.,เม็ด,0.85,2.00,TABLETS,ก,231272,B
METHYLPHENIDATE,METHYLPHENIDATE,10 mg.,แค็บซูล,4.00,6.00,CAPSULES,ค,431051,
METOCLOPRAMIDE,METOCLOPRAMIDE,10 mg./2 ml.,Amphule (2 ml.),2.68,4.00,INJECTIONS,ก,569975,
METOCLOPRAMIDE (PLASIL),METOCLOPRAMIDE,10 mg.,เม็ด,0.18,1.00,TABLETS,ก,387088,B
METRONIDAZOLE,METRONIDAZOLE,0.5 %,ขวด (100 ml.),18.00,23.00,INJECTIONS,ก,570296,
METRONIDAZOLE,METRONIDAZOLE,200 mg.,เม็ด,0.35,1.00,TABLETS,ก,737175,B
MICONAZOLE NITRATE ORAL GEL,MICONAZOLENITRATE,10 g.,หลอด,28.00,35.00,GEL,ก,826640,
MILK OF MAGNESIA (MOM),MAGNESIUM,60 ml.,ขวด (60 ml.),5.00,7.00,SUSPENSIONS,ก,777322,
MMR Vacine,MEASLES+MUMPS+RUBELLA,1 ml.,DOSE,195.00,235.00,INJECTIONS,ก,570895,X
MOLNUPIRAVIR,MOLNUPIRAVIR,200 mg.,เม็ด,9.15,12.00,,ก,1241980,
MOMETASONE CREAM,MOMETASONE,0.1 %,หลอด (5 g.),25.00,31.00,CREAMS,ง,1026646,
MORPHINE,MORPHINE,10 mg./ml.,AMP.,5.00,7.00,INJECTIONS,ค,535924,
MORPHINE SULFATE BP(KAPANOL),MORPHINE,20 mg.,แค็บซูล,26.43,33.00,CAPSULES,ค,665556,
MORPHINE SULFATE ORAL SOL.,MORPHINE,10 mg/5ml,ขวด (60 ml.),40.00,49.00,SOLUTIONS,ค,535752,
MOUTH WASH(C-20),CHLORHEXIDINE,0.12 g.,ขวด,12.75,17.00,SOLUTIONS,ก,845412,
MULTIVITAMIN (MTV),MULTIVITAMIN,.,เม็ด,0.16,1.00,TABLETS,ก,798658,
MULTIVITAMIN(MTVsyr.),MULTIVITAMIN,.,ขวด (60 ml.),12.77,17.00,SYRUPS,ก,676311,
MULTIVITAMIN+FERRIC,MULTIVITAMIN+FERRIC,.,ขวด (120 ml.),30.00,37.00,SYRUPS,ก,825192,
MUPIROCIN OINTMENT(BACTEX),MUPIROCIN,2 %,หลอด (5 g.),28.00,35.00,OINTMENTS,ข,513669,
NALOXONE (NARCAN),NALOXONE,400 mcg./ml.,AMPULE,162.40,201.00,INJECTIONS,ก,521028,
NAPROXEN SODIUM,NAPROXEN SODIUM,250 MG.,TABLET,1.50,3.00,TABLETS,ก,131911,
NERVIRAPINE (NVP 200) (ยาโครงการ),NERVIRAPINE,200 mg.,เม็ด,5.52,8.00,TABLETS,ก,659807,C
NEVIRAPINE (NVP) (ยาโครงการ),NEVIRAPINE,10 mg./ml.,ขวด,65.00,79.00,SYRUPS,ก,659853,C
NICARDIPINE,NICARDIPINE,1 mg./ml.,Amphule,254.66,304.00,INJECTIONS,ค,906379,
NIFEDIPINE(ยานอกบัญชี),NIFEDIPINE,10 mg.,แค็บซูล,0.77,2.00,CAPSULES,,110721,C
NITROFURANTOIN,NITROFURANTOIN,100 mg.,เม็ด,1.20,2.00,TABLETS,ข,390622,
NOREPINEPHINE (Levophed),NOREPINEPHINE,1mg/ml mg./ml.,Vial,195.00,235.00,INJECTIONS,ง,572182,
NORETHISTERONE (Primalut-N),NORETHISTERONE,5 mg.,เม็ด,3.74,5.00,TABLETS,ก,448542,X
NORFLOXACIN,NORFLOXACIN,400 mg.,เม็ด,1.15,2.00,TABLETS,ก,393340,C
NORGESIC(ยานอกบัญชีฯ),ORPHENADRINE PARACETAMOL,(35+450) mg.,เม็ด,0.32,1.00,TABLETS,,276613,
NORTRIPTYLINE,NORTRIPTYLINE,25 mg.,เม็ด,1.20,2.00,TABLETS,ข,1289080,
NSS,SODIUMCHLORIDE,0.45 %,"ขวด (1,000 ml.)",32.00,40.00,INJECTIONS,ก,798881,
NSS,SODIUMCHLORIDE,0.9 %,"ขวด (1,000 ml.)",32.00,40.00,INJECTIONS,ก,1246863,
NSS,SODIUMCHLORIDE,0.9 %,ขวด (100 ml.),16.00,20.00,INJECTIONS,ก,1114519,
NSS,SODIUMCHLORIDE,3 %,ขวด (500 ml.),29.00,36.00,INJECTIONS,ก,731169,
NSS  FOR IRRIGATE,SODIUMCHLORIDE,0.9 %,"ขวด (1,000 ml.)",29.00,36.00,SOLUTIONS,ก,940125,
NYSTATIN,NYSTATIN,"100,000 u.",ขวด,31.00,38.00,SUSPENSIONS,ก,622087,
OBIMIN-AZ(ยานอกบัญชีฯ),VITAMIN+FOLIC+FERROUS+CALCIUMIODINEZINC,.,เม็ด,1.68,3.00,TABLETS,,787732,
OCTREOTIDE INJECTION,OCTREOTIDE INJECTION,100 mcg.,Amphule,142.00,179.00,,ง,572499,
OFLOXACIN,OFLOXACIN,100 mg.,เม็ด,1.80,3.00,TABLETS,ข,397704,C
OLIVE OIL,OLIVEOIL,.,ขวด,184.00,223.00,SOLUTIONS,ก,787824,
OLIVE OIL(UNIT DOSE),OLIVEOIL,.,ขวด (30 ml.),12.27,16.00,SOLUTIONS,ก,787824,
OMEPRAZOLE,OMEPRAZOLE,20 mg.,แค็บซูล,0.55,2.00,CAPSULES,ก,104869,C
OMEPRAZOLE,OMEPRAZOLE,40 mg.,Vial,85.00,103.00,INJECTIONS,ข,105380,C
ONDANSETRON INJECTION,ONDANSETRON,4 MG./2 ML.,ampules,14.34,18.00,INJECTIONS,ข,573172,
OPV vaccine,POLIOMYELITISVACCINE,.,DOSE,7.12,10.00,SOLUTIONS,ก,669801,
ORS,ORALREHYDRATIONSALTS,6.975 g.,ซอง,1.80,3.00,POWDERS,ก,939865,
ORS เด็ก (รสส้ม),ORALREHYDRATIONSALTS,3.645 g.,ซอง,1.36,2.00,POWDERS,ก,850564,
OXYTETRACYCLINE EYE OINTMENT,OXYTETRACYCLINE,3.5 g.,หลอด (3.5 g.),32.10,40.00,OINTMENTS,ก,689199,
OXYTOCIN,OXYTOCIN,10 iu./ml.,Amphule (1 ml.),12.00,16.00,INJECTIONS,ก,573724,
PANTOPRAZOLE INJECTION,PANTOPRAZOLE INJECTION,40 mg.,Vial,41.60,51.00,,ค,105538,
PARACETAMOL,PARACETAMOL,120 mg/5ml,ขวด (60 ml.),9.00,12.00,SYRUPS,ก,630254,
PENICILLIN G SODIUM,PENICILLIN,5 mu.,VIAL,15.00,19.00,INJECTIONS,ก,790007,
PENICILLIN V,PENICILLIN,125 mg/5ml,ขวด (60 ml.),9.00,12.00,SUSPENSIONS,ก,826981,
PENICILLIN V,PENICILLIN,250 mg.,TABLET,0.76,2.00,TABLETS,ก,761616,
PERPHENAZINE,PERPHENAZINE,8 mg.,เม็ด,0.47,1.00,TABLETS,ก,408469,C
PETHIDINE,PETHIDINE,50 mg./ml.,Amphule (1 ml.),5.00,7.00,INJECTIONS,ค,535995,
PHENYTOIN SODIUM INJECTION,PHENYTOIN SODIUM INJECTION,250 mg.,Vial,220.00,264.00,INJECTIONS,ก,521426,
PIOGLITAZONE,PIOGLITAZONE,30 mg.,เม็ด,0.80,2.00,TABLETS,ง,469102,
PIPERACILLIN+TAZOBACTAM (TAZOCIN),PIPERACILLIN TAZOBACTAM,.,Vial,96.30,117.00,INJECTIONS,ง,575790,
PIPERAQUINE,PIPERAQUINE+DIHYDROARTEMISININ,320/40 mg.,เม็ด,15.56,20.00,TABLETS,ก,994545,
POLY OPH,POLYMYXIN+NEOMYCIN,5 ml.,ขวด (5 ml.),22.47,28.00,SOLUTIONS,ค,718117,
POTASSIUM CHLORIDE,POTASSIUM,2 mEq./ml.,Amphule (10 ml.),5.20,7.00,INJECTIONS,ก,761685,
POTASSIUM CHLORIDE ELIXER,POTASSIUM,240 ml.,ขวด (240 ml.),11.00,14.00,SOLUTIONS,ก,770969,
POVIDONE IODINE (BETADINE),POVIDONEIODINE,10 %,ขวด (30 ml.),6.47,9.00,SOLUTIONS,ก,763159,
PRALIDOXIME CHLORIDE (2-PAM),PRALIDOXIME,1 g.,VIAL,285.00,339.00,INJECTIONS,ก,722633,
PREDNISOLONE,PREDNISOLONE,5 mg.,เม็ด,0.35,1.00,TABLETS,ก,768581,C
PREDNISOLONE CREAM,PREDNISOLONE,5 g.,หลอด,5.35,7.00,SOLUTIONS,ก,516832,
PREMARIN,CONJUGATEDESTROGENS,0.625 mg.,เม็ด,3.10,5.00,TABLETS,ข,645737,
PRIMAQUIN PHOSPHATE,PRIMAQUIN,15 mg.,เม็ด,0.70,2.00,TABLETS,ก,417545,C
PROCTOSEDYL suppo.,HYDROCORTISONE+ZINCBENZOCAINE,.,เม็ด,5.50,8.00,TABLETS,ก,317270,
PROPYLTHIOURACIL (PTU),PROPYLTHIOURACIL,50 mg.,เม็ด,0.48,1.00,TABLETS,ก,419422,D
PYRAZINAMIDE,PYRAZINAMIDE,500 mg.,เม็ด,2.50,3.00,TABLETS,ก,737199,
QUININE DIHYDROCHLORIDE,QUININE,300 mg./ml.,Amphule (2 ml.),8.13,11.00,INJECTIONS,ก,577591,X
QUININE SULFATE (300) tab.,QUININE,.,เม็ด,1.61,3.00,TABLETS,ก,799763,X
R-DEN(แบบเม็ด) [LEVONORGESTREL+EE],LEVONORGESTREL+ETHINYLOESTRADIOL,0.15+0.03 mcg.,เม็ด,0.50,1.00,TABLETS,ก,731481,
RABIES VACCINE,RABIESVACCINE,.,DOSE.,313.00,371.00,INJECTIONS,ก,669450,
REMDESIVIR INJECTION,REMDESIVIR,100 mg./vial.,Vial,230.00,276.00,INJECTIONS,ก,1164928,
RifaFOUR,RIFAMPICINISONIAZIDPYRAZINAMIDEETHAMBUTOL,150+75+400+275 mg.,เม็ด,3.50,5.00,TABLETS,ข,428452,
RIFAPENTINE,RIFAPENTINE,150 mg.,เม็ด,42.50,52.00,TABLETS,ง,1136833,
RifiNAH,RIFAMPICIN+ISONIAZID,150+100 mg.,แค็บซูล,3.70,5.00,CAPSULES,ข,429721,
RifiNAH,RIFAMPICIN+ISONIAZID,300+150 mg.,แค็บซูล,3.70,5.00,CAPSULES,ข,429766,
RILPIVIRINE (RPV),RILPIVIRINE,25 mg.,เม็ด,7.73,10.00,TABLETS,ง,674537,
RISPERIDONE,RISPERIDONE,1 mg.,เม็ด,2.00,3.00,TABLETS,ข,737238,
RISPERIDONE,RISPERIDONE,2 mg.,เม็ด,3.33,5.00,TABLETS,ข,737255,
ROTARIX,ROTAVIRUS,100000 CCID,ขวด,254.00,303.00,SUSPENSIONS,ก,672160,
ROTATEQ VACCINE,ROTAVIRUS VACCINE,ml.,หลอด,254.00,303.00,,ก,699813,
ROXITHROMYCIN,ROXITHROMYCIN,150 mg.,เม็ด,1.10,2.00,TABLETS,ก,396061,
SALBUTAMOL (VENTOLIN),SALBUTAMOL,2 mg.,เม็ด,0.12,1.00,TABLETS,ก,436351,C
SalbuTamol MDI,SALBUTAMOL,200 dose,หลอด,38.52,47.00,SOLUTIONS,ก,780912,
SalBuTamol NB (พ่นในรพ.),SALBUTAMOL,ml.,DOSE,21.93,28.00,SOLUTIONS,ก,530479,
SALBUTAMOL SULFATE(ยากลับบ้าน),SALBUTAMOL,5 mg./ml.,ขวด (20 ml.),38.52,47.00,SOLUTIONS,ก,530479,
SALBUTAMOL Syrup,SALBUTAMOL,2 mg/5ml,ขวด (60 ml.),8.00,11.00,SYRUPS,ก,635533,
SERETIDE (50/100) ACCUHALER,SALMETEROL+FLUTICASONE,50 +,หลอด,428.00,503.00,POWDERS,ค,690129,
SERETIDE (50/250) ACCUHALER,SALMETEROL+FLUTICASONE,50/250 mcg.,หลอด,492.20,577.00,POWDERS,ค,690172,
SERETIDE MDI,SALMETEROL+FLUTICASONE,25/250 mcg.,ขวด,349.89,413.00,POWDERS,ค,764124,
SERTRALINE,SERTRALINE,50 mg.,เม็ด,4.00,6.00,TABLETS,ข,737293,
SILDENAFIL (Viagra),SILDENAFIL,100 mg.,เม็ด,294.25,349.00,TABLETS,ง,651660,
SILVER SULFADIAZINE 1% cream,SILVERSULFADIAZINE,25 g.,หลอด,29.00,36.00,CREAMS,ก,762031,
SIMCOMINE(ยานอกบัญชีฯ),SIMETHICONE+DICYCLOMINE,ml. mg.,ขวด (60 ml.),14.00,18.00,SYRUPS,,611491,
SIMETHICONE drop,SIMETHICONE,40 mg./0.6ml.,ขวด (15 ml.),36.00,44.00,SYRUPS,ก,827859,
SIMETHICONE(AIR-X),SIMETHICONE,80 mg.,เม็ด,0.40,1.00,TABLETS,ก,314592,
SIMVASTATIN,SIMVASTATIN,20 mg.,เม็ด,0.47,1.00,TABLETS,ก,117308,X
SODIUM BICARBONATE (NaHCO3),SODIUMBICARBONATE,300 mg.,เม็ด,0.05,1.00,TABLETS,ก,789982,
SODIUM BICARBONATE 7.5%,SODIUMBICARBONATE,50 ml.,Amphule,22.37,28.00,INJECTIONS,ก,782838,
SODIUM BICARBONATE(หยอดหู),SODIUM BICARBONATE,3.75 g.,ขวด (5 ml.),20.00,25.00,SOLUTIONS,ก,768758,
SODIUM CHLORIDE (NaCL),SODIUMCHLORIDE,300 mg.,เม็ด,2.50,4.00,TABLETS,ก,760207,
SPIRONOLACTONE,SPIRONOLACTONE,25 mg.,เม็ด,0.85,2.00,TABLETS,ก,445912,C
STAVUDINE  (d4T) (ยาโครงการ),STAVUDINE,30 mg.,เม็ด,3.50,5.00,TABLETS,ข,661597,C
STERILE WATER 10 CC.,STERILEWATER,10 ml.,Amphule (10 ml.),2.70,4.00,SOLUTIONS,ก,768886,
STERILE WATER 5 CC.,STERILEWATER,5 ml.,Amphule (5 ml.),2.18,3.00,SOLUTIONS,ก,768935,
STREPTOKINASE,STREPTOKINASE,"1,500,000 u.",Vial,"5,500.00","10,000.00",INJECTIONS,ก,107609,
STREPTOMYCIN (ยาสนับสนุน),STREPTOMYCIN,1 mg.,Vial,11.00,14.00,INJECTIONS,ก,579071,
STREPTOMYCIN SULFATE,STREPTOMYCIN,1 g.,VIAL,11.00,14.00,INJECTIONS,ก,579071,D
SULIDINE(CPM +PHENYLEPHRINE),CHLORPHENIRAMINE PHENYLEPHRINE,4+10 mg.,เม็ด,1.60,3.00,TABLETS,,450120,
SYMBICORT (160/4.5),BUDESONIDE+FORMOTERAL,160+4.5 mcg.,หลอด,486.85,571.00,POWDERS,ค,800547,
SYMBICORT (320/9),BUDESONIDE+FORMOTERAL,320+9 mcg.,หลอด,631.30,737.00,POWDERS,ค,779395,
TA. MILK LOTION (30 cc.),TRIAMCINOLONE,0.1 %,ขวด (30 ml.),20.00,25.00,SUSPENSIONS,ก,518617,
TAFENOQUINE(ยาสนับสนุน),TAFENOQUINE,150 mg.,เม็ด,0.00,0.00,,,,
TAR SHAMPOO,TARSHAMPOO,. ml.,ขวด (240 ml.),21.00,26.00,SOLUTIONS,ก,707730,
TEEVIR (ยาโครงการ),efavirenz+emtricitabine+tenofovirdisoproxilfumarate,300+200+600 mg.,เม็ด,33.00,41.00,TABLETS,ก,765108,
TENECTEPLASE(TNK),TENECTEPLASE,"8,000 u.",Vial,"20,560.00","22,677.00",INJECTIONS,ง,107650,
TENOFOVIR  (TDF) (ยาโครงการ),TENOFOVIR,300 mg.,เม็ด,12.00,16.00,TABLETS,ก,779664,
TENOFOVIR EMTRICITABINE(TENO-EM),TENOFOVIR+EMTRICITABINE,300+200 mg.,เม็ด,20.00,25.00,TABLETS,ก,828347,
TERBUTALINE,TERBUTALINE,0.5 mg./ml.,AMP.,8.56,11.00,INJECTIONS,ก,761922,
TERBUTALINE SULFATE,TERBUTALINE,2.5 mg.,เม็ด,0.13,1.00,TABLETS,ก,790575,
TETANUS TOXOID,TETANUSTOXOID,0.5 ml.,DOSE.,17.45,22.00,INJECTIONS,ก,672997,
TETRACAINE HCl 0.5%,TETRACAINE,0.5 %,ขวด,74.90,90.00,SOLUTIONS,ก,763821,
THEOPHYLLINE-CR (Theodur),THEOPHYLLINE,200 mg.,แค็บซูล,2.30,4.00,CAPSULES,ก,457229,
THYROXINE,THYROXINE,100 mcg.,เม็ด,0.29,1.00,TABLETS,ก,689147,
TLD (ยาโครงการ),TENOFAVIR+LAMIVUDINE+DOLUTEGRAVIR,300+300+50 mg.,เม็ด,23.33,29.00,TABLETS,ก,,
TOLPERISONE (ยานอกบัญชีฯ),TOLPERISONE,50 mg.,เม็ด,1.81,3.00,TABLETS,,687862,
TRAMADOL,TRAMADOL,50 mg.,แค็บซูล,0.50,1.00,CAPSULES,ค,465431,C
TRAMADOL,TRAMADOL,50 mg./ml.,Amphule (1 ml.),7.00,9.00,INJECTIONS,ค,581003,
TRANEXAMIC ACID,TRANEXAMICACID,250 mg.,Amphule (5 ml.),18.00,23.00,INJECTIONS,ก,763383,
TRANEXAMIC ACID,TRANEXAMIC ACID,500 MG.,CAPSULE,2.50,4.00,CAPSULES,ค,851721,
TRIAMCINOLONE,TRIAMCINOLONE,10 mg./ml.,Vial,14.50,19.00,INJECTIONS,ค,664638,
TRIAMCINOLONE ORAL PASTE,TRIAMCINOLONE,1 g.,ซอง,2.98,4.00,EMULSIONS,ก,786371,
TRIFERDINE 150,IODINEFERROUSFOLIC,0.15+185+0.4 mg.,เม็ด,0.83,2.00,TABLETS,ก,737414,
UNISON ENEMA,SODIUMCHLORIDE,15 %,หลอด,21.40,27.00,SOLUTIONS,ก,761807,
UREA CREAM,UREA,10 %,หลอด,30.00,37.00,CREM,ก,652482,
UTROGESTAN,MICRONIZED PROGESTERONE,200 mg.,เม็ด,19.90,25.00,CAPSULES,ง,469333,
VASALINE OINTMENT(กล่องใหญ่),VASALINE,450 g.,กล่อง,80.25,98.00,ointment,ก,,
VASALINE OINTMENT(แบบแบ่ง),VASALINE,5 g.,ซอง (5 g.),2.50,3.00,ointment,ก,,
VIT B COMPLEX,VITAMINBCOMPLEX,. mg.,Amphule (1 ml.),1.70,3.00,INJECTIONS,ข,770163,
VIT B COMPLEX,VITAMINBCOMPLEX,. mg.,เม็ด,0.12,1.00,TABLETS,ก,769247,
VIT K (1มิลลิกรัม),VITAMINK,1 mg.,Amphule (1 ml.),10.48,14.00,INJECTIONS,ก,791258,
VITAMIN B1 INJECTION(Thiamine),THIAMINE HYDROCHLORIDE,100 mg.,Amphule (1 ml.),3.00,4.00,INJECTIONS,ก,580104,
VITAMIN B6,VITAMINB,50 mg.,เม็ด,0.18,1.00,TABLETS,ก,372467,
VITAMIN C,VITAMINC,100 mg.,เม็ด,0.16,1.00,TABLETS,ก,1009781,
VITAMIN K (10 มิลลิกรัม),VITAMINK,10 mg./ml.,Amphule (1 ml.),14.00,17.00,INJECTIONS,ก,769350,
WARFARIN SODIUM (สีชมพู),WARFARIN SODIUM,5 mg.,เม็ด,2.25,3.00,,ค,108354,
WARFARIN SODIUM (สีฟ้า),WARFARIN SODIUM,3 mg.,เม็ด,1.95,3.00,TABLETS,ค,108185,
WARFARIN SODIUM (สีส้ม),WARFARIN SODIUM,2 mg.,เม็ด,1.60,3.00,TABLETS,ค,108128,
WHITEFIELD OINTMENT,BENZOICACID+SALICYLICACID,.,หลอด (15 g.),5.00,7.00,OINTMENTS,ก,761853,
XYLOCAINE JELLY,LIDOCAINEHCL,2 %,ขวด,35.58,44.00,JELLY,ก,769473,
ZIDOVUDINE (AZT 100),ZIDOVUDINE,100 mg.,แค็บซูล,4.13,6.00,CAPSULES,ก,655285,
Zidovudine (AZT 100) (ยาโครงการ),ZIDOVUDINE,100 mg.,แค็บซูล,2.69,4.00,CAPSULES,ก,655285,
ZIDOVUDINE (AZT 300),ZIDOVUDINE,300 mg.,แค็บซูล,11.65,15.00,CAPSULES,ก,655263,
ZIDOVUDINE (AZT 300) (ยาโครงการ),ZIDOVUDINE,300 mg.,เม็ด,8.02,11.00,CAPSULES,ก,655263,
Zidovudine (AZT) (ยาโครงการ),ZIDOVUDINE,10 mg./ml.,ขวด,50.00,61.00,SYRUPS,ก,641690,
ZILARVIR (ยาโครงการ),ZIDOVUDINE+LAMIVUDINE,300+150 mg.,เม็ด,9.41,12.00,TABLETS,ก,662455,
กล้วยผง,กล้วยผง,20 ซอง/กล่อง,กล่อง,110.00,138.00,POWDERS,,9070144,
ขิงแคปซูล (Ginger),ZingiberOfficinate,500 mg.,แค็บซูล,1.00,2.00,CAPSULES,-,9093738,
ครีมไพล(PLAIVANA CREAM),น้ำมันไพล,14 %,หลอด (15 g.),25.00,31.00,,-,9095307,
เจลพริก(CAPSIKA GEL),CAPSAICIN,25 mg.,หลอด,25.00,31.00,GEL,-,9095266,
เจลว่านพระฉิม(WANN PRA CHIM),Dioscored bulbifera Linn.,20 %,หลอด,100.00,121.00,GEL,,9410536,
ชาชงสมุนไพรรางจืด ( 10 ซอง/ห่อ),รางจืด,2 g.,กล่อง,66.00,80.00,POWDERS,-,,
ชาชงหญ้าดอกขาว(20ซอง/กล่อง),ชาชงหญ้าดอกขาว,1.5 g.,กล่อง,60.00,73.00,POWDERS,-,9384572,
เซรุ่มแก้พิษงู ระบบประสาท (ทับสมิงคลา/เห่า/สามเหลี่ยม/จงอาง),NEUROPOLYVALENTSNAKEANTIVENIN(PURIFIED),.,Vial,"1,190.00","1,370.00",INJECTIONS,ก,777564,
เซรุ่มแก้พิษงู ระบบโลหิต (แมวเซา/เขียวหางไหม้/กะปะ),HEMATOPOLYVALENTSNAKEANTIVENIN(PURIFIED),.,Vial,"1,190.00","1,370.00",INJECTIONS,ก,776764,
เซรุ่มงูเขียวหางไหม้,ANTIVENOMSERA,.,vial,664.00,775.00,POWDERS,ก,762229,
เซรุ่มงูแมวเซา,ANTIVENOMSERA,ml.,Vial,664.00,775.00,POWDERS,ก,762361,
เซรุ่มงูเห่า,ANTIVENOMSERA,. ml.,Vial,664.00,775.00,POWDERS,ก,762293,
ตรีผลา,ตรีผลา,90 g.,แค็บซูล,0.85,2.00,CAPSULES,-,9385223,
ตำรับยาแก้ลมขึ้นเบื้องสูง,ตำรับยาแก้ลมขึ้นเบื้องสูง,2 g.,ซอง,9.00,12.00,POWDERS,-,9394521,
ตำรับยาทำลายพระสุเมรุ,ตำรับยาทำลายพระสุเมรุ,2 g.,ซอง,8.00,11.00,POWDERS,-,9394566,
เถาวัลย์เปรียง,เถาวัลย์เปรียง,500 mg.,แค็บซูล,1.00,2.00,CAPSULES,,9401885,
ทาพระเส้น,ยาทาพระเส้น,15%w/v,bottle,50.00,61.00,SOLUTIONS,,9415548,
ใบมะขามแขก (SENNA LEAF),ใบมะขามแขก,450 mg.,แค็บซูล,1.00,2.00,CAPSULES,,9092603,
ประสะไพล,ประสะไพล,250 mg.,แค็บซูล,0.96,2.00,CAPSULES,-,9389165,
ปราบชมพูทวีป,ปราบชมพูทวีป,500 mg.,แค็บซูล,0.85,2.00,CAPSULES,-,9378924,
แผ่นยาพอกดูดพิษ 20 มิลลิลิตร/ชุด,แผ่นยาพอกดูดพิษ,20 ml.,ซอง,55.00,67.00,,-,9418858,
พญายอ ครีม,พญายอ,.,หลอด (5 g.),53.50,65.00,CREAM,-,9093176,
เพชรสังฆาต(Phet Sangkhat),เพชรสังฆาต,500 mg.,แค็บซูล,1.00,2.00,CAPSULES,,9367068,
ฟ้าทะลายโจร(FATHALAICHON),ฟ้าทะลายโจร,350/21 mg.,แค็บซูล,1.22,2.00,CAPSULES,-,9093772,
มะขามป้อมน้ำ(ขวด120 ml.)(MAKAMPOM),มะขามป้อมน้ำแก้ไอ,18.9 g.,ขวด (120 ml.),28.00,35.00,SOLUTIONS,,9410953,
มะระขี้นก,มะระขี้นก,350 mg.,เม็ด,1.00,2.00,CAPSULES,,9070298,
ยาแก้ลมแก้เส้น(8เม็ด),แก้ลมแก้เส้น,500 mg.,กระปุก,11.25,15.00,CAPSULES,-,9410159,
ยาเขียวหอม,ยาเขียวหอม,500 mg.,เม็ด,0.99,2.00,TABLETS,-,9419854,
ยาจันทลีลา(32 เม็ด),จันทลีลา,500 mg.,กระปุก,15.71,20.00,CAPSULES,-,9402516,
ยาธาตุบรรจบ,ธาตุบรรจบ,500 mg.,แค็บซูล,0.85,2.00,CAPSULES,-,9374072,
ยาธาตุบรรจบ(6เม็ด/ซอง),ธาตุบรรจบ,500 mg.,ซอง,5.00,7.00,CAPSULES,-,9374072,
ยาธาตุอบเชย,ยาธาตุอบเชย,0.76 %,ขวด,25.00,31.00,SOLUTIONS,,9410948,
ยาประสะจันทร์แดง(24เม็ด),ประสะจันทร์แดง,500 mg.,กระปุก,14.57,19.00,CAPSULES,-,9372906,
ยามันทธาตุ,มันทธาตุ,500 mg.,เม็ด,1.00,2.00,CAPSULES,-,9382797,
ยาศุขไสยาศน์(10เม็ด/แผง),ศุขไสยาศน์,500 mg.,แผง,35.00,43.00,CAPSULES,-,9403045,
ยาศุขไสยาศน์(8เม็ด),ศุขไสยาศน์,500 mg.,กระปุก,11.25,15.00,CAPSULES,-,9403045,
ยาสมุนไพรตรีผลา(ใช้ในแพทย์แผนไทย),ตรีผลา,500 mg.,เม็ด,1.75,3.00,CAPSULES,,9410995,
ยาหอมเทพจิตร 20 เม็ด/ซอง,หอมเทพจิตร,200 mg.,ซอง,12.00,16.00,TABLETS,-,9373829,
ยาหอมนวโกฐ,หอมนวโกฐ,200 mg.,เม็ด,0.50,1.00,TABLETS,-,9368347,
ยาอมหญ้าดอกขาว(10เม็ด/ซอง) QUID LOZENGE,ยาอมหญ้าดอกขาว,450 mg.,ซอง,119.84,149.00,TABLETS,,,
สหัสธารา,สหัสธารา,500 mg.,แค็บซูล,1.05,2.00,CAPSULES,-,9368310,
ห้าราก,ห้าราก,300 mg.,แค็บซูล,0.70,1.50,CAPSULES,-,9405039,
อมมะแว้ง (ซอง20เม็ด) (MAWAENG),อมมะแว้ง,.,ซอง,6.05,8.00,TABLETS,-,9367215,
